topic_id,label,size,top_words,coherence,representative_snippets,subreddit
10,Smoking Culture: High,138,"['high', 'smoke', 'smoking', 'new', 'don', 'way', 'bong', 'tolerance', 'long', 'rules']",0.33623120229757797,"[""nicest thing your dealer did for you? so, for context, ' autistic and also bipolar! recently, 've run out of my medication for my bpd and this made my mental health go down the drain quickly. smoking ..."", 'get self destructive when high tw: self harm ‚Äôve started to notice, as ‚Äôve become more regular stoner, get self destructive when high. ‚Äô months clean of self harm, so definitely have underlying issues...', ""will taking this supplement in the mornings effect my high at night? if take this everyday (or at least weekdays) in the mornings prob -am will it effect how the high is get high around -pm. ' just wo...""]",weed
3,Smoking Culture: Weed,91,"['smoking', 'weed', 'smoke', 'high', 'im', 'don', 'joint', 'use', 'way', 'little']",0.25159228512700416,"['lil wake bake off the inch beautiful weather today boys. what ‚Äôall smoking on? got some pink starburst this morning', 'this woulda been perfect when used to bmx ‚Äô pretty sure this is for motorcycles but ‚Äô sure it woulda worked on bmx bike, woulda been super cool!', 'real vs fake rizla | detailed analysis for all my african dudes in the hood real on left, fake on right pic : notice how the fake is spelt ra + without the full stop. pic : again ra pic and : the fsc ...']",weed
9,Smoking Culture: High,80,"['smoking', 'high', 'feel', 'smoke', 'new', 'help', 'thc', 'edibles', 'im', 'use']",0.4281010249645324,"['my favorite edibles by far sauce killed it when they started making these gummies. one of the things that like about them is that they‚Äôre overpowered af. mg per gummy and live resin infused üî• not your...', 'what‚Äô your favorite strain for different times of the day? here are some of mine. for the evening, love death bubba. during the day if ‚Äô trying to get stuff down around the house my go to is durban po...', ""should my penjamin smell like weed ? bought myself pretty nice disposable and it smells like real flower. have never experienced anything like thst before and am kinda worried that it' laced or sum. l...""]",weed
5,Smoking Culture: New,62,"['smoking', 'new', 'smell', 'high', 'smoke', 'im', 'weed', 'edibles', 'usually', 'don']",0.2636639749543935,"[""is it possible to still feel it the next day? took some hits off of thc vape last night and ' still kind of feeling it today at work. is that possible or is it just me?"", 'texas sb bill/ban for / question genuine question: so will they be hiring more postal workers and police to guess go through all residents mail for evidence of online orders or will online shops just ...', 'need help pick bong for gift am buying for my bf, and don‚Äô know the first thing about bongs. avid genx flower smoker, cleaning isn‚Äô his favorite part of smoking, generally-speaking picky, his bong liv...']",weed
11,Smoking Culture: Smoke,62,"['smoke', 'does', 'flower', 'way', 'smoking', 'weed', 'thc', 'im', 'hits', 'high']",0.37663069104136904,"[""anyone else experience anything demonic while being too high? quit drinking for month & had strong cravings so thought ' start smoking. well today smoked bowl before going in to work and was going to ..."", 'so rolled bottle jointüçæ saw this on the internet few weeks back. thought it‚Äô be one of my toughest joints and it turned out to be so easyüíØhit like train too', 'satisfying pipe job getting new cart today since my friend got me one (‚Äô so in love with her for that), ‚Äô in such good mood wanted to show ‚Äôall the bowl packed at hers last week. shit was strong asf b...']",weed
8,Smoking Culture: Smoke,60,"['smoking', 'smoke', 'feel', 'weed', 'don', 'smell', 'use', 'try', 'high', 'carts']",0.2164349257200184,"['what can put my weed in to make the smell go away im going to concert on thursday and need to drive there but dont want the car smelling what should do', ""best way to store hash? ' about to buy + grams of quality hash, so that don' have to go again. ' planning on making it last for almost or months if not more since smoke only twice week. what' the best..."", ""am going to sin city for the first time? ' going to vegas in few days, ' -year-old man, and smoke weed, marijuana very rarely recreationally, mostly at night to sleep, but this time do want to enjoy, ...""]",weed
2,Smoking Culture: High,46,"['high', 'smoking', 'smoke', 'weed', 'tried', 'flower', 'experience', 'maybe', 'thc', 'feel']",0.4049593408413106,"['would you rather‚Ä¶ would you rather only be able to smoke the best weed you‚Äôve ever had but only once week or smoke an unlimited amount of mids every day?‚Äù', ""got the heisenberg penü§£ honestly has decent flavour, fuck with it even though most wouldn'. the high got me chilling out good"", 'anyone experience paranoia or mental torment microdosing thc? was using : cbd:thc tincture for insomnia. it contains mg thc in ml bottle. was taking drops under the tongue to fall asleep, and another ...']",weed
6,Smoking Culture: Smoke,46,"['smoke', 'smoking', 'bought', 'pay', 'report', 'rules', 'regular', 'taking', 'way', 'flower']",0.4825469922838696,"['looking for the right strain. new-ish to smoking. \' looking for strain to make me feel relaxed physically but energetic mentally. tried this ""purple jealousy"" stuff and it does the opposite, not bad, ...', 'do really need to quit smoking weed? ; smoked nicotine since /; smoked weed sometime during those years; smoked weed regularly - js day for about year and half to quit nicotine; nicotine became an acc...', 'medical cannabis became legal in greece hey guys, medical cannabis became legal in greece, but look how shady it is. our prime minister and health minister created the farms and opened company selling...']",weed
0,Smoking Culture,44,"['smoke', 'does', 'rules', 'report', 'bad', 'little', 'recently', 'high', 'ur', 'plug']",0.4540887270289184,"['recommendations? my favourites by far are moonflower, purple push and white widow. just use joint (sometimes) late at night to help me sleep. recently found white widow does that better than moonflowe...', 'gave my sober brother balloon hit from my weed pen. so it‚Äô /, ‚Äô vibing, and get this idea: what if exhale my pen hit into balloon, seal it, and someone else re-inhales it? would there still be enough ...', ""am south african too am so glad the president stopped the ban on cannabis infused foods honestly couldn' imagine weekends without my edibles and jointsüçÉ especially the upcoming long weekend üáøüá¶üôåüèæ""]",weed
4,Smoking Culture: Smoke,38,"['smoke', 'feel', 'smoking', 'different', 'seeing', 'high', 'work', 'worth', 'bad', 'used']",0.579052855924566,"['rolling like cigarette? hey there, ‚Äô im asking if can roll joint with cigarette papers and filters since ‚Äô out of longpapes and tips, would it still hit like normal joint or would it be wasted? any ti...', 'dispensary questions! so turn in june but graduated year early and in my state, when you graduate early you‚Äôre medically emancipated. am able to walk into dispensary on my own since ‚Äô medically emanci...', 'smoked last night and everything looked really weird it looked fake and plastic but also super detailed, also the contrast was turned way up. when looking at stuff it looked almost alien like, for exa...']",weed
7,Smoking Culture: Joint,23,"['joint', 'high', 'work', 'way', 'trying', 'does', 'don', 'roll', 'smoke', 'buy']",0.3909115223018518,"['is cbd valid? or should just buy the illegal stuff? (first time trying) hello, am quite inexperienced with buying and smoking weed, and would like to know if the legal cbd (thc- to be specific) variet...', 'how to find / friends in new town howdy all! just moved to new town in central wa with my girlfriend. want to celebrate / with people, but don‚Äô know how to find fellow smokers? my gf doesn‚Äô smoke, and...', 'how do roll joint this is kind of embarrassing but does anyone have any simple explanations on how to roll joint? recently turned and am complete newbie. my cousin dropped off some of this weed for me...']",weed
1,Smoking Culture: Bud,17,"['bud', 'new', 'smoking', 'super', 'friend', 'smoke', 'anxiety', 'way', 'hash', 'pack']",0.4780336463147864,"[""fee like weed makes me uncomfortable in social situaitons love getting high and have no problems when its just the homies but as soon as girls or ppl don' know or like friend or friend is involved it ..."", 'anxiety stuff ive been smoking weed for almost years but lately (last or months lol) get extreme anxiety and just start overthinking shit so take like or puffs if my friends are smoking and rarely buy...', ""$ for this. shorted or just right? first time buying bud from my buddy but he got it from guy don' know. trust my buddy but ' new to buying bud.""]",weed
